{
    "TaskName": "rest",
    "RepetitionTime": 2.13,
    "SliceTiming": [0.468755,0.96876,0.437505,0.9375,0.406255,0.90626,0.375,0.875,0.34376,0.84376,0.3125,0.8125,0.28126,0.78126,0.25,0.75,0.21876,0.71876,0.1875,0.6875,0.15626,0.65626,0.125,0.625,0.09375999999999995,0.59376,0.0625,0.562505,0.03125999999999995,0.531255,0,0.500005]
}